DAY,Section,ROOM1,8-9,ROOM2,9-10,10-11,ROOM3,11-12,ROOM4,12-1,1-2,ROOM5,2-3,ROOM6,3-4,ROOM7,4-5,5-6
MON,CSE-1,A-DL-008,ML,A-DL-008,AI(L),AI(L),B-201,CC|SPM,B-201,UHV,X,---,X,---,X,---,X,X
TUE,CSE-1,---,X,---,X,X,---,X,---,X,X,---,X,---,X,---,X,X
WED,CSE-1,---,X,B-201,X,AI,A-DL-008,AD,A-DL-008,AD(L),AD(L),---,X,---,X,---,X,X
THU,CSE-1,---,X,B-201,ML,AI,B-201,UHV,B-201,CC|SPM,X,---,X,---,X,---,X,X
FRI,CSE-1,B-201,X,B-201,AI,CC|SPM,B-201,ML,B-201,UHV,X,---,X,---,X,---,X,X
SAT,CSE-1,---,X,B-201,X,ML,---,X,---,X,X,---,X,---,X,---,X,X
,,,,,,,,,,,,,,,,,,
DAY,Section,ROOM1,8-9,ROOM2,9-10,10-11,ROOM3,11-12,ROOM4,12-1,1-2,ROOM5,2-3,ROOM6,3-4,ROOM7,4-5,5-6
MON,CSE-2,---,X,B-201,X,CC|SPM,B-202,ML,B-202,UHV,X,---,X,---,X,---,X,X
TUE,CSE-2,---,X,---,X,X,B-201,AI,B-201,UHV,ML,---,X,---,X,---,X,X
WED,CSE-2,---,X,---,X,X,---,X,---,X,X,---,X,---,X,---,X,X
THU,CSE-2,B-202,X,B-202,ML,CC|SPM,A-DL-008,AD,A-DL-008,AD(L),AD(L),---,X,---,X,---,X,X
FRI,CSE-2,B-202,AI,B-202,CC|SPM,UHV,---,X,---,X,X,---,X,---,X,---,X,X
SAT,CSE-2,---,X,B-202,X,AI,A-DL-006,ML,A-DL-006,AI(L),AI(L),---,X,---,X,---,X,X
,,,,,,,,,,,,,,,,,,
DAY,Section,ROOM1,8-9,ROOM2,9-10,10-11,ROOM3,11-12,ROOM4,12-1,1-2,ROOM5,2-3,ROOM6,3-4,ROOM7,4-5,5-6
MON,CSE-3,---,X,---,X,X,B-203,ML,B-203,CC|SPM,AI,---,X,---,X,---,X,X
TUE,CSE-3,B-201,X,B-201,CC|SPM,AI,B-202,ML,B-202,UHV,X,---,X,---,X,---,X,X
WED,CSE-3,A-DL-008,ML,A-DL-008,AI(L),AI(L),B-201,AI,B-201,UHV,X,---,X,---,X,---,X,X
THU,CSE-3,---,X,---,X,X,---,X,---,X,X,---,X,---,X,---,X,X
FRI,CSE-3,---,X,B-203,X,UHV,A-DL-008,AD,A-DL-008,AD(L),AD(L),---,X,---,X,---,X,X
SAT,CSE-3,---,X,B-203,CC|SPM,ML,---,X,---,X,X,---,X,---,X,---,X,X
,,,,,,,,,,,,,,,,,,
DAY,Section,ROOM1,8-9,ROOM2,9-10,10-11,ROOM3,11-12,ROOM4,12-1,1-2,ROOM5,2-3,ROOM6,3-4,ROOM7,4-5,5-6
MON,CSE-4,---,X,---,X,X,B-204,X,B-204,ML,UHV,---,X,---,X,---,X,X
TUE,CSE-4,A-DL-102,ML,A-DL-102,AI(L),AI(L),B-203,CC|SPM,B-203,AI,X,---,X,---,X,---,X,X
WED,CSE-4,B-202,AI,B-202,UHV,CC|SPM,B-202,ML,B-202,X,X,---,X,---,X,---,X,X
THU,CSE-4,---,X,B-304,X,ML,B-202,AI,B-202,UHV,CC|SPM,---,X,---,X,---,X,X
FRI,CSE-4,---,X,---,X,X,---,X,---,X,X,---,X,---,X,---,X,X
SAT,CSE-4,---,X,---,X,X,A-DL-008,AD,A-DL-008,AD(L),AD(L),---,X,---,X,---,X,X
,,,,,,,,,,,,,,,,,,
DAY,Section,ROOM1,8-9,ROOM2,9-10,10-11,ROOM3,11-12,ROOM4,12-1,1-2,ROOM5,2-3,ROOM6,3-4,ROOM7,4-5,5-6
MON,CSE-5,---,X,---,X,X,A-DL-008,AD,A-DL-008,AD(L),AD(L),---,X,---,X,---,X,X
TUE,CSE-5,---,X,B-203,CC|SPM,AI,B-204,ML,B-204,X,X,---,X,---,X,---,X,X
WED,CSE-5,B-203,X,B-203,AI,CC|SPM,B-203,ML,B-203,UHV,X,---,X,---,X,---,X,X
THU,CSE-5,B-203,X,B-203,ML,UHV,---,X,---,X,X,---,X,---,X,---,X,X
FRI,CSE-5,A-DL-008,ML,A-DL-008,AI(L),AI(L),B-202,CC|SPM,B-202,UHV,AI,---,X,---,X,---,X,X
SAT,CSE-5,---,X,---,X,X,---,X,---,X,X,---,X,---,X,---,X,X
,,,,,,,,,,,,,,,,,,
DAY,Section,ROOM1,8-9,ROOM2,9-10,10-11,ROOM3,11-12,ROOM4,12-1,1-2,ROOM5,2-3,ROOM6,3-4,ROOM7,4-5,5-6
MON,CSE-6,---,X,---,X,X,---,X,---,X,X,---,X,---,X,---,X,X
TUE,CSE-6,B-204,X,B-204,UHV,ML,A-DL-008,AD,A-DL-008,AD(L),AD(L),---,X,---,X,---,X,X
WED,CSE-6,B-204,X,B-204,CC|SPM,AI,---,X,---,X,X,---,X,---,X,---,X,X
THU,CSE-6,---,X,B-204,X,AI,B-203,ML,B-203,UHV,X,---,X,---,X,---,X,X
FRI,CSE-6,---,X,B-204,CC|SPM,UHV,B-203,AI,B-203,ML,X,---,X,---,X,---,X,X
SAT,CSE-6,A-DL-008,ML,A-DL-008,AI(L),AI(L),B-404,CC|SPM,---,X,X,---,X,---,X,---,X,X
,,,,,,,,,,,,,,,,,,
DAY,Section,ROOM1,8-9,ROOM2,9-10,10-11,ROOM3,11-12,ROOM4,12-1,1-2,ROOM5,2-3,ROOM6,3-4,ROOM7,4-5,5-6
MON,CSE-7,WL-101,ML,WL-101,AI(L),AI(L),B-205,UHV,B-205,CC|SPM,AI,---,X,---,X,---,X,X
TUE,CSE-7,---,X,---,X,X,---,X,---,X,X,---,X,---,X,---,X,X
WED,CSE-7,---,X,B-205,X,UHV,WL-101,AD,WL-101,AD(L),AD(L),---,X,---,X,---,X,X
THU,CSE-7,B-205,X,B-205,CC|SPM,ML,---,X,---,X,X,---,X,---,X,---,X,X
FRI,CSE-7,---,X,B-205,X,CC|SPM,B-204,ML,B-204,AI,UHV,---,X,---,X,---,X,X
SAT,CSE-7,---,X,B-205,AI,ML,---,X,---,X,X,---,X,---,X,---,X,X
,,,,,,,,,,,,,,,,,,
DAY,Section,ROOM1,8-9,ROOM2,9-10,10-11,ROOM3,11-12,ROOM4,12-1,1-2,ROOM5,2-3,ROOM6,3-4,ROOM7,4-5,5-6
MON,CSE-8,B-204,X,B-204,CC|SPM,ML,---,X,---,X,X,---,X,---,X,---,X,X
TUE,CSE-8,---,X,B-305,X,ML,B-205,AI,B-205,UHV,CC|SPM,---,X,---,X,---,X,X
WED,CSE-8,---,X,---,X,X,---,X,---,X,X,---,X,---,X,---,X,X
THU,CSE-8,B-206,X,B-206,UHV,AI,WL-101,AD,WL-101,AD(L),AD(L),---,X,---,X,---,X,X
FRI,CSE-8,B-206,X,B-206,ML,UHV,---,X,---,X,X,---,X,---,X,---,X,X
SAT,CSE-8,A-LH-201,AI,A-LH-201,AI(L),AI(L),B-201,CC|SPM,B-201,ML,X,---,X,---,X,---,X,X
,,,,,,,,,,,,,,,,,,
DAY,Section,ROOM1,8-9,ROOM2,9-10,10-11,ROOM3,11-12,ROOM4,12-1,1-2,ROOM5,2-3,ROOM6,3-4,ROOM7,4-5,5-6
MON,CSE-9,---,X,B-205,AI,ML,B-206,UHV,B-206,CC|SPM,X,---,X,---,X,---,X,X
TUE,CSE-9,B-205,X,B-205,CC|SPM,UHV,A-LH-207,ML,---,X,X,---,X,---,X,---,X,X
WED,CSE-9,WL-101,ML,WL-101,AI(L),AI(L),B-205,AI,B-205,UHV,X,---,X,---,X,---,X,X
THU,CSE-9,---,X,---,X,X,---,X,---,X,X,---,X,---,X,---,X,X
FRI,CSE-9,---,X,---,X,X,WL-101,AD,WL-101,AD(L),AD(L),---,X,---,X,---,X,X
SAT,CSE-9,B-301,CC|SPM,B-301,AI,ML,---,X,---,X,X,---,X,---,X,---,X,X
,,,,,,,,,,,,,,,,,,
DAY,Section,ROOM1,8-9,ROOM2,9-10,10-11,ROOM3,11-12,ROOM4,12-1,1-2,ROOM5,2-3,ROOM6,3-4,ROOM7,4-5,5-6
MON,CSE-10,---,X,B-206,X,CC|SPM,B-301,AI,B-301,ML,X,---,X,---,X,---,X,X
TUE,CSE-10,---,X,B-206,AI,UHV,B-206,ML,B-206,X,X,---,X,---,X,---,X,X
WED,CSE-10,B-206,X,B-206,CC|SPM,AI,B-206,ML,B-206,UHV,X,---,X,---,X,---,X,X
THU,CSE-10,WL-101,ML,WL-101,AI(L),AI(L),B-204,CC|SPM,B-204,UHV,X,---,X,---,X,---,X,X
FRI,CSE-10,---,X,---,X,X,---,X,---,X,X,---,X,---,X,---,X,X
SAT,CSE-10,---,X,---,X,X,WL-101,AD,WL-101,AD(L),AD(L),---,X,---,X,---,X,X
,,,,,,,,,,,,,,,,,,
DAY,Section,ROOM1,8-9,ROOM2,9-10,10-11,ROOM3,11-12,ROOM4,12-1,1-2,ROOM5,2-3,ROOM6,3-4,ROOM7,4-5,5-6
MON,CSE-11,B-301,X,B-301,UHV,ML,WL-101,AD,WL-101,AD(L),AD(L),---,X,---,X,---,X,X
TUE,CSE-11,---,X,B-301,CC|SPM,ML,B-301,AI,B-301,X,X,---,X,---,X,---,X,X
WED,CSE-11,B-301,X,B-301,AI,CC|SPM,---,X,---,X,X,---,X,---,X,---,X,X
THU,CSE-11,---,X,---,X,X,A-LH-201,AI,A-LH-201,ML,UHV,---,X,---,X,---,X,X
FRI,CSE-11,WL-101,ML,WL-101,AI(L),AI(L),B-205,CC|SPM,B-205,UHV,X,---,X,---,X,---,X,X
SAT,CSE-11,---,X,---,X,X,---,X,---,X,X,---,X,---,X,---,X,X
,,,,,,,,,,,,,,,,,,
DAY,Section,ROOM1,8-9,ROOM2,9-10,10-11,ROOM3,11-12,ROOM4,12-1,1-2,ROOM5,2-3,ROOM6,3-4,ROOM7,4-5,5-6
MON,CSE-12,---,X,---,X,X,---,X,---,X,X,---,X,---,X,---,X,X
TUE,CSE-12,B-302,X,B-302,AI,UHV,WL-101,AD,WL-101,AD(L),AD(L),---,X,---,X,---,X,X
WED,CSE-12,---,X,A-LH-205,X,X,B-301,CC|SPM,B-301,UHV,ML,---,X,---,X,---,X,X
THU,CSE-12,---,X,B-302,X,ML,B-205,CC|SPM,B-205,AI,X,---,X,---,X,---,X,X
FRI,CSE-12,B-302,ML,B-302,AI,UHV,---,X,---,X,X,---,X,---,X,---,X,X
SAT,CSE-12,WL-101,ML,WL-101,AI(L),AI(L),B-406,CC|SPM,---,X,X,---,X,---,X,---,X,X
,,,,,,,,,,,,,,,,,,
DAY,Section,ROOM1,8-9,ROOM2,9-10,10-11,ROOM3,11-12,ROOM4,12-1,1-2,ROOM5,2-3,ROOM6,3-4,ROOM7,4-5,5-6
MON,CSE-13,B-205,ML,WL-102,AI(L),AI(L),B-302,AI,B-302,UHV,X,---,X,---,X,---,X,X
TUE,CSE-13,---,X,---,X,X,---,X,---,X,X,---,X,---,X,---,X,X
WED,CSE-13,---,X,B-302,X,UHV,WL-102,AD,WL-102,AD(L),AD(L),---,X,---,X,---,X,X
THU,CSE-13,---,X,---,X,X,B-206,AI,B-206,CC|SPM,ML,---,X,---,X,---,X,X
FRI,CSE-13,---,X,B-303,AI,UHV,B-206,ML,B-206,CC|SPM,X,---,X,---,X,---,X,X
SAT,CSE-13,---,X,B-302,ML,CC|SPM,---,X,---,X,X,---,X,---,X,---,X,X
,,,,,,,,,,,,,,,,,,
DAY,Section,ROOM1,8-9,ROOM2,9-10,10-11,ROOM3,11-12,ROOM4,12-1,1-2,ROOM5,2-3,ROOM6,3-4,ROOM7,4-5,5-6
MON,CSE-14,B-302,X,B-302,CC|SPM,UHV,A-LH-207,ML,A-LH-207,AI,X,---,X,---,X,---,X,X
TUE,CSE-14,WL-102,ML,WL-102,AI(L),AI(L),B-302,AI,B-302,UHV,X,---,X,---,X,---,X,X
WED,CSE-14,---,X,---,X,X,---,X,---,X,X,---,X,---,X,---,X,X
THU,CSE-14,---,X,---,X,X,A-LH-202,CC|SPM,A-LH-202,ML,X,---,X,---,X,---,X,X
FRI,CSE-14,B-304,ML,B-304,AI,CC|SPM,B-301,UHV,B-301,X,X,---,X,---,X,---,X,X
SAT,CSE-14,---,X,---,X,X,A-DL-001,AD,A-DL-001,AD(L),AD(L),---,X,---,X,---,X,X
,,,,,,,,,,,,,,,,,,
DAY,Section,ROOM1,8-9,ROOM2,9-10,10-11,ROOM3,11-12,ROOM4,12-1,1-2,ROOM5,2-3,ROOM6,3-4,ROOM7,4-5,5-6
MON,CSE-15,---,X,B-303,X,AI,B-303,CC|SPM,B-303,UHV,ML,---,X,---,X,---,X,X
TUE,CSE-15,B-303,X,B-303,UHV,CC|SPM,A-LH-201,ML,---,X,X,---,X,---,X,---,X,X
WED,CSE-15,B-205,ML,WL-102,AI(L),AI(L),B-302,AI,B-302,UHV,X,---,X,---,X,---,X,X
THU,CSE-15,---,X,---,X,X,---,X,---,X,X,---,X,---,X,---,X,X
FRI,CSE-15,---,X,B-305,X,ML,A-LH-202,AD,WL-102,AD(L),AD(L),---,X,---,X,---,X,X
SAT,CSE-15,---,X,B-303,AI,CC|SPM,---,X,---,X,X,---,X,---,X,---,X,X
,,,,,,,,,,,,,,,,,,
DAY,Section,ROOM1,8-9,ROOM2,9-10,10-11,ROOM3,11-12,ROOM4,12-1,1-2,ROOM5,2-3,ROOM6,3-4,ROOM7,4-5,5-6
MON,CSE-16,B-304,ML,B-304,AI,CC|SPM,---,X,---,X,X,---,X,---,X,---,X,X
TUE,CSE-16,B-304,X,B-304,UHV,CC|SPM,B-303,AI,B-303,ML,X,---,X,---,X,---,X,X
WED,CSE-16,B-303,X,B-303,AI,UHV,---,X,---,X,X,---,X,---,X,---,X,X
THU,CSE-16,---,X,B-305,X,UHV,A-DL-002,ML,A-DL-002,AI(L),AI(L),---,X,---,X,---,X,X
FRI,CSE-16,---,X,---,X,X,---,X,---,X,X,---,X,---,X,---,X,X
SAT,CSE-16,B-203,AD,WL-102,AD(L),AD(L),A-LH-003,ML,A-LH-003,CC|SPM,X,---,X,---,X,---,X,X
,,,,,,,,,,,,,,,,,,
DAY,Section,ROOM1,8-9,ROOM2,9-10,10-11,ROOM3,11-12,ROOM4,12-1,1-2,ROOM5,2-3,ROOM6,3-4,ROOM7,4-5,5-6
MON,CSE-17,---,X,B-305,X,ML,WL-102,AD,WL-102,AD(L),AD(L),---,X,---,X,---,X,X
TUE,CSE-17,---,X,---,X,X,B-304,ML,B-304,CC|SPM,AI,---,X,---,X,---,X,X
WED,CSE-17,B-304,X,B-304,CC|SPM,UHV,---,X,---,X,X,---,X,---,X,---,X,X
THU,CSE-17,B-306,ML,B-306,AI,CC|SPM,A-LH-204,UHV,A-LH-204,X,X,---,X,---,X,---,X,X
FRI,CSE-17,B-204,ML,WL-102,AI(L),AI(L),B-302,AI,B-302,UHV,X,---,X,---,X,---,X,X
SAT,CSE-17,---,X,---,X,X,---,X,---,X,X,---,X,---,X,---,X,X
,,,,,,,,,,,,,,,,,,
DAY,Section,ROOM1,8-9,ROOM2,9-10,10-11,ROOM3,11-12,ROOM4,12-1,1-2,ROOM5,2-3,ROOM6,3-4,ROOM7,4-5,5-6
MON,CSE-18,---,X,---,X,X,---,X,---,X,X,---,X,---,X,---,X,X
TUE,CSE-18,---,X,B-306,AI,UHV,A-LH-202,AD,WL-102,AD(L),AD(L),---,X,---,X,---,X,X
WED,CSE-18,---,X,B-305,ML,CC|SPM,B-303,AI,B-303,X,X,---,X,---,X,---,X,X
THU,CSE-18,B-401,CC|SPM,B-401,ML,UHV,---,X,---,X,X,---,X,---,X,---,X,X
FRI,CSE-18,---,X,B-306,X,AI,B-303,CC|SPM,B-303,UHV,ML,---,X,---,X,---,X,X
SAT,CSE-18,A-DL-002,ML,A-DL-002,AI(L),AI(L),---,X,---,X,X,---,X,---,X,---,X,X
,,,,,,,,,,,,,,,,,,
DAY,Section,ROOM1,8-9,ROOM2,9-10,10-11,ROOM3,11-12,ROOM4,12-1,1-2,ROOM5,2-3,ROOM6,3-4,ROOM7,4-5,5-6
MON,CSE-19,A-DL-002,ML,A-DL-002,AI(L),AI(L),B-304,CC|SPM,B-304,UHV,X,---,X,---,X,---,X,X
TUE,CSE-19,---,X,---,X,X,---,X,---,X,X,---,X,---,X,---,X,X
WED,CSE-19,---,X,B-306,X,UHV,A-DL-002,AD,A-DL-002,AD(L),AD(L),---,X,---,X,---,X,X
THU,CSE-19,---,X,B-402,CC|SPM,AI,B-301,ML,B-301,X,X,---,X,---,X,---,X,X
FRI,CSE-19,B-401,X,B-401,AI,CC|SPM,B-304,ML,B-304,UHV,X,---,X,---,X,---,X,X
SAT,CSE-19,---,X,B-304,X,ML,A-LH-005,AI,---,X,X,---,X,---,X,---,X,X
,,,,,,,,,,,,,,,,,,
DAY,Section,ROOM1,8-9,ROOM2,9-10,10-11,ROOM3,11-12,ROOM4,12-1,1-2,ROOM5,2-3,ROOM6,3-4,ROOM7,4-5,5-6
MON,CSE-20,---,X,---,X,X,B-305,UHV,B-305,CC|SPM,X,---,X,---,X,---,X,X
TUE,CSE-20,A-DL-002,ML,A-DL-002,AI(L),AI(L),B-305,AI,B-305,UHV,X,---,X,---,X,---,X,X
WED,CSE-20,---,X,---,X,X,---,X,---,X,X,---,X,---,X,---,X,X
THU,CSE-20,---,X,B-403,X,ML,A-DL-102,AD,A-DL-102,AD(L),AD(L),---,X,---,X,---,X,X
FRI,CSE-20,---,X,B-402,CC|SPM,ML,B-305,AI,B-305,UHV,X,---,X,---,X,---,X,X
SAT,CSE-20,---,X,B-305,X,CC|SPM,B-203,AI,B-203,ML,X,---,X,---,X,---,X,X
,,,,,,,,,,,,,,,,,,
DAY,Section,ROOM1,8-9,ROOM2,9-10,10-11,ROOM3,11-12,ROOM4,12-1,1-2,ROOM5,2-3,ROOM6,3-4,ROOM7,4-5,5-6
MON,CSE-21,---,X,B-401,X,CC|SPM,B-306,UHV,B-306,ML,AI,---,X,---,X,---,X,X
TUE,CSE-21,B-401,X,B-401,CC|SPM,AI,B-306,ML,B-306,UHV,X,---,X,---,X,---,X,X
WED,CSE-21,A-DL-002,ML,A-DL-002,AI(L),AI(L),B-304,CC|SPM,B-304,UHV,X,---,X,---,X,---,X,X
THU,CSE-21,---,X,---,X,X,---,X,---,X,X,---,X,---,X,---,X,X
FRI,CSE-21,---,X,---,X,X,A-DL-002,AD,A-DL-002,AD(L),AD(L),---,X,---,X,---,X,X
SAT,CSE-21,---,X,B-306,X,AI,A-LH-009,ML,---,X,X,---,X,---,X,---,X,X
,,,,,,,,,,,,,,,,,,
DAY,Section,ROOM1,8-9,ROOM2,9-10,10-11,ROOM3,11-12,ROOM4,12-1,1-2,ROOM5,2-3,ROOM6,3-4,ROOM7,4-5,5-6
MON,CSE-22,B-402,X,B-402,CC|SPM,UHV,---,X,---,X,X,---,X,---,X,---,X,X
TUE,CSE-22,---,X,B-402,X,X,B-401,AI,B-401,CC|SPM,ML,---,X,---,X,---,X,X
WED,CSE-22,B-401,ML,B-401,CC|SPM,UHV,---,X,---,X,X,---,X,---,X,---,X,X
THU,CSE-22,B-204,ML,WL-102,AI(L),AI(L),B-302,AI,B-302,UHV,X,---,X,---,X,---,X,X
FRI,CSE-22,---,X,---,X,X,---,X,---,X,X,---,X,---,X,---,X,X
SAT,CSE-22,---,X,B-401,ML,AI,A-LH-010,AD,WL-102,AD(L),AD(L),---,X,---,X,---,X,X
,,,,,,,,,,,,,,,,,,
DAY,Section,ROOM1,8-9,ROOM2,9-10,10-11,ROOM3,11-12,ROOM4,12-1,1-2,ROOM5,2-3,ROOM6,3-4,ROOM7,4-5,5-6
MON,CSE-23,---,X,B-403,X,ML,A-DL-002,AD,A-DL-002,AD(L),AD(L),---,X,---,X,---,X,X
TUE,CSE-23,---,X,---,X,X,B-402,ML,B-402,AI,CC|SPM,---,X,---,X,---,X,X
WED,CSE-23,B-402,X,B-402,CC|SPM,AI,B-305,ML,B-305,UHV,X,---,X,---,X,---,X,X
THU,CSE-23,---,X,---,X,X,B-303,UHV,B-303,ML,AI,---,X,---,X,---,X,X
FRI,CSE-23,A-DL-002,CC|SPM,A-DL-002,AI(L),AI(L),B-306,UHV,B-306,X,X,---,X,---,X,---,X,X
SAT,CSE-23,---,X,---,X,X,---,X,---,X,X,---,X,---,X,---,X,X
,,,,,,,,,,,,,,,,,,
DAY,Section,ROOM1,8-9,ROOM2,9-10,10-11,ROOM3,11-12,ROOM4,12-1,1-2,ROOM5,2-3,ROOM6,3-4,ROOM7,4-5,5-6
MON,CSE-24,---,X,---,X,X,---,X,---,X,X,---,X,---,X,---,X,X
TUE,CSE-24,B-404,X,B-404,AI,UHV,A-DL-002,AD,A-DL-002,AD(L),AD(L),---,X,---,X,---,X,X
WED,CSE-24,---,X,B-403,X,CC|SPM,B-306,ML,B-306,X,X,---,X,---,X,---,X,X
THU,CSE-24,---,X,B-404,X,AI,B-304,UHV,B-304,CC|SPM,ML,---,X,---,X,---,X,X
FRI,CSE-24,---,X,B-404,ML,UHV,---,X,---,X,X,---,X,---,X,---,X,X
SAT,CSE-24,A-DL-102,ML,A-DL-102,AI(L),AI(L),B-204,CC|SPM,B-204,AI,X,---,X,---,X,---,X,X
,,,,,,,,,,,,,,,,,,
DAY,Section,ROOM1,8-9,ROOM2,9-10,10-11,ROOM3,11-12,ROOM4,12-1,1-2,ROOM5,2-3,ROOM6,3-4,ROOM7,4-5,5-6
MON,CSE-25,---,X,B-404,X,UHV,A-DL-102,ML,A-DL-102,AI(L),AI(L),---,X,---,X,---,X,X
TUE,CSE-25,---,X,---,X,X,---,X,---,X,X,---,X,---,X,---,X,X
WED,CSE-25,A-DL-102,AD,A-DL-102,AD(L),AD(L),B-401,UHV,B-401,AI,X,---,X,---,X,---,X,X
THU,CSE-25,---,X,B-405,X,ML,B-305,AI,B-305,CC|SPM,X,---,X,---,X,---,X,X
FRI,CSE-25,---,X,B-405,UHV,AI,B-401,ML,B-401,CC|SPM,X,---,X,---,X,---,X,X
SAT,CSE-25,---,X,---,X,X,B-205,ML,B-205,CC|SPM,X,---,X,---,X,---,X,X
,,,,,,,,,,,,,,,,,,
DAY,Section,ROOM1,8-9,ROOM2,9-10,10-11,ROOM3,11-12,ROOM4,12-1,1-2,ROOM5,2-3,ROOM6,3-4,ROOM7,4-5,5-6
MON,CSE-26,B-405,X,B-405,AI,CC|SPM,B-401,ML,B-401,UHV,X,---,X,---,X,---,X,X
TUE,CSE-26,---,X,B-403,X,X,B-403,AI,B-403,UHV,ML,---,X,---,X,---,X,X
WED,CSE-26,---,X,---,X,X,---,X,---,X,X,---,X,---,X,---,X,X
THU,CSE-26,---,X,---,X,ML,A-DL-108,AD,A-DL-108,AD(L),AD(L),---,X,---,X,---,X,X
FRI,CSE-26,B-406,CC|SPM,B-406,ML,UHV,---,X,---,X,X,---,X,---,X,---,X,X
SAT,CSE-26,A-LH-202,AI,A-LH-202,AI(L),AI(L),B-206,CC|SPM,---,X,X,---,X,---,X,---,X,X
,,,,,,,,,,,,,,,,,,
DAY,Section,ROOM1,8-9,ROOM2,9-10,10-11,ROOM3,11-12,ROOM4,12-1,1-2,ROOM5,2-3,ROOM6,3-4,ROOM7,4-5,5-6
MON,CSE-27,---,X,B-406,X,AI,B-402,UHV,B-402,CC|SPM,ML,---,X,---,X,---,X,X
TUE,CSE-27,---,X,B-405,X,UHV,B-404,ML,B-404,CC|SPM,X,---,X,---,X,---,X,X
WED,CSE-27,A-DL-108,ML,A-DL-108,AI(L),AI(L),B-402,AI,B-402,UHV,X,---,X,---,X,---,X,X
THU,CSE-27,---,X,---,X,X,---,X,---,X,X,---,X,---,X,---,X,X
FRI,CSE-27,---,X,B-301,X,ML,A-DL-102,AD,A-DL-102,AD(L),AD(L),---,X,---,X,---,X,X
SAT,CSE-27,---,X,B-403,AI,CC|SPM,---,X,---,X,X,---,X,---,X,---,X,X
,,,,,,,,,,,,,,,,,,
DAY,Section,ROOM1,8-9,ROOM2,9-10,10-11,ROOM3,11-12,ROOM4,12-1,1-2,ROOM5,2-3,ROOM6,3-4,ROOM7,4-5,5-6
MON,CSE-28,---,X,A-LH-003,ML,AI,B-403,CC|SPM,B-403,X,X,---,X,---,X,---,X,X
TUE,CSE-28,---,X,B-406,UHV,AI,B-405,CC|SPM,B-405,X,X,---,X,---,X,---,X,X
WED,CSE-28,---,X,B-404,X,CC|SPM,B-403,ML,B-403,UHV,X,---,X,---,X,---,X,X
THU,CSE-28,---,X,A-DL-002,AI(L),AI(L),B-306,AI,B-306,ML,UHV,---,X,---,X,---,X,X
FRI,CSE-28,---,X,---,X,X,---,X,---,X,X,---,X,---,X,---,X,X
SAT,CSE-28,---,X,B-404,X,ML,A-DL-002,AD,A-DL-002,AD(L),AD(L),---,X,---,X,---,X,X
,,,,,,,,,,,,,,,,,,
DAY,Section,ROOM1,8-9,ROOM2,9-10,10-11,ROOM3,11-12,ROOM4,12-1,1-2,ROOM5,2-3,ROOM6,3-4,ROOM7,4-5,5-6
MON,CSE-29,---,X,A-LH-004,ML,AI,A-DL-108,AD,A-DL-108,AD(L),AD(L),---,X,---,X,---,X,X
TUE,CSE-29,---,X,---,X,X,B-406,CC|SPM,B-406,AI,X,---,X,---,X,---,X,X
WED,CSE-29,B-405,X,B-405,AI,CC|SPM,B-404,ML,B-404,UHV,X,---,X,---,X,---,X,X
THU,CSE-29,---,X,A-LH-003,X,X,B-401,UHV,B-401,ML,X,---,X,---,X,---,X,X
FRI,CSE-29,A-DL-102,ML,A-DL-102,AI(L),AI(L),B-402,CC|SPM,B-402,UHV,X,---,X,---,X,---,X,X
SAT,CSE-29,---,X,---,X,X,---,X,---,X,X,---,X,---,X,---,X,X
,,,,,,,,,,,,,,,,,,
DAY,Section,ROOM1,8-9,ROOM2,9-10,10-11,ROOM3,11-12,ROOM4,12-1,1-2,ROOM5,2-3,ROOM6,3-4,ROOM7,4-5,5-6
MON,CSE-30,---,X,---,X,X,---,X,---,X,X,---,X,---,X,---,X,X
TUE,CSE-30,---,X,A-LH-004,X,ML,A-DL-102,AD,A-DL-102,AD(L),AD(L),---,X,---,X,---,X,X
WED,CSE-30,B-406,ML,B-406,AI,CC|SPM,B-405,UHV,---,X,X,---,X,---,X,---,X,X
THU,CSE-30,---,X,A-LH-004,X,UHV,---,X,---,X,X,---,X,---,X,---,X,X
FRI,CSE-30,---,X,A-LH-004,ML,AI,B-403,CC|SPM,B-403,UHV,X,---,X,---,X,---,X,X
SAT,CSE-30,A-DL-108,AI,A-DL-108,AI(L),AI(L),B-301,ML,B-301,CC|SPM,X,---,X,---,X,---,X,X
,,,,,,,,,,,,,,,,,,
DAY,Section,ROOM1,8-9,ROOM2,9-10,10-11,ROOM3,11-12,ROOM4,12-1,1-2,ROOM5,2-3,ROOM6,3-4,ROOM7,4-5,5-6
MON,CSE-31,A-DL-102,ML,A-DL-102,AI(L),AI(L),B-404,AI,B-404,UHV,X,---,X,---,X,---,X,X
TUE,CSE-31,---,X,---,X,X,---,X,---,X,X,---,X,---,X,---,X,X
WED,CSE-31,A-LH-003,X,A-LH-003,UHV,CC|SPM,A-DL-102,AD,A-DL-102,AD(L),AD(L),---,X,---,X,---,X,X
THU,CSE-31,---,X,A-LH-005,X,AI,B-402,ML,B-402,CC|SPM,X,---,X,---,X,---,X,X
FRI,CSE-31,---,X,A-LH-005,X,AI,B-404,ML,B-404,UHV,X,---,X,---,X,---,X,X
SAT,CSE-31,---,X,---,X,X,---,X,B-302,CC|SPM,ML,---,X,---,X,---,X,X
,,,,,,,,,,,,,,,,,,
DAY,Section,ROOM1,8-9,ROOM2,9-10,10-11,ROOM3,11-12,ROOM4,12-1,1-2,ROOM5,2-3,ROOM6,3-4,ROOM7,4-5,5-6
MON,CSE-32,---,X,A-LH-005,X,CC|SPM,B-405,AI,B-405,ML,UHV,---,X,---,X,---,X,X
TUE,CSE-32,A-DL-108,ML,A-DL-108,AI(L),AI(L),---,X,---,X,X,---,X,---,X,---,X,X
WED,CSE-32,---,X,---,X,X,---,X,---,X,X,---,X,---,X,---,X,X
THU,CSE-32,A-LH-009,X,A-LH-009,UHV,AI,A-DL-101,AD,A-DL-101,AD(L),AD(L),---,X,---,X,---,X,X
FRI,CSE-32,---,X,A-LH-009,CC|SPM,ML,B-405,UHV,B-405,AI,X,---,X,---,X,---,X,X
SAT,CSE-32,---,X,---,X,X,B-303,CC|SPM,B-303,ML,X,---,X,---,X,---,X,X
,,,,,,,,,,,,,,,,,,
DAY,Section,ROOM1,8-9,ROOM2,9-10,10-11,ROOM3,11-12,ROOM4,12-1,1-2,ROOM5,2-3,ROOM6,3-4,ROOM7,4-5,5-6
MON,CSE-33,---,X,A-LH-009,X,AI,B-406,UHV,B-406,CC|SPM,ML,---,X,---,X,---,X,X
TUE,CSE-33,A-LH-005,ML,A-LH-005,CC|SPM,UHV,---,X,---,X,X,---,X,---,X,---,X,X
WED,CSE-33,A-DL-101,X,A-DL-101,AI(L),AI(L),B-406,AI,B-406,UHV,ML,---,X,---,X,---,X,X
THU,CSE-33,---,X,---,X,X,---,X,---,X,X,---,X,---,X,---,X,X
FRI,CSE-33,---,X,A-LH-010,X,ML,A-DL-108,AD,A-DL-108,AD(L),AD(L),---,X,---,X,---,X,X
SAT,CSE-33,B-405,CC|SPM,B-405,AI,X,---,X,---,X,X,---,X,---,X,---,X,X
,,,,,,,,,,,,,,,,,,
DAY,Section,ROOM1,8-9,ROOM2,9-10,10-11,ROOM3,11-12,ROOM4,12-1,1-2,ROOM5,2-3,ROOM6,3-4,ROOM7,4-5,5-6
MON,CSE-34,---,X,A-LH-010,X,AI,A-LH-003,CC|SPM,A-LH-003,ML,X,---,X,---,X,---,X,X
TUE,CSE-34,---,X,A-LH-009,X,X,A-LH-003,AI,A-LH-003,UHV,X,---,X,---,X,---,X,X
WED,CSE-34,---,X,A-LH-004,X,UHV,A-LH-003,ML,A-LH-003,CC|SPM,AI,---,X,---,X,---,X,X
THU,CSE-34,---,X,A-DL-102,AI(L),AI(L),B-403,ML,B-403,UHV,CC|SPM,---,X,---,X,---,X,X
FRI,CSE-34,---,X,---,X,X,---,X,---,X,X,---,X,---,X,---,X,X
SAT,CSE-34,---,X,B-406,X,ML,A-DL-102,AD,A-DL-102,AD(L),AD(L),---,X,---,X,---,X,X
,,,,,,,,,,,,,,,,,,
DAY,Section,ROOM1,8-9,ROOM2,9-10,10-11,ROOM3,11-12,ROOM4,12-1,1-2,ROOM5,2-3,ROOM6,3-4,ROOM7,4-5,5-6
MON,CSE-35,---,X,A-LH-104,CC|SPM,ML,A-DL-101,AD,A-DL-101,AD(L),AD(L),---,X,---,X,---,X,X
TUE,CSE-35,A-LH-010,X,A-LH-010,CC|SPM,AI,---,X,---,X,X,---,X,---,X,---,X,X
WED,CSE-35,---,X,A-LH-005,X,CC|SPM,A-LH-004,ML,A-LH-004,UHV,X,---,X,---,X,---,X,X
THU,CSE-35,---,X,A-LH-010,ML,UHV,B-404,AI,---,X,X,---,X,---,X,---,X,X
FRI,CSE-35,A-DL-108,ML,A-DL-108,AI(L),AI(L),B-406,UHV,B-406,AI,X,---,X,---,X,---,X,X
SAT,CSE-35,---,X,---,X,X,---,X,---,X,X,---,X,---,X,---,X,X
,,,,,,,,,,,,,,,,,,
DAY,Section,ROOM1,8-9,ROOM2,9-10,10-11,ROOM3,11-12,ROOM4,12-1,1-2,ROOM5,2-3,ROOM6,3-4,ROOM7,4-5,5-6
MON,CSE-36,---,X,---,X,X,---,X,---,X,X,---,X,---,X,---,X,X
TUE,CSE-36,---,X,A-LH-104,X,UHV,A-DL-108,AD,A-DL-108,AD(L),AD(L),---,X,---,X,---,X,X
WED,CSE-36,---,X,---,X,X,A-LH-005,AI,A-LH-005,CC|SPM,ML,---,X,---,X,---,X,X
THU,CSE-36,---,X,A-LH-104,X,UHV,B-405,ML,B-405,CC|SPM,AI,---,X,---,X,---,X,X
FRI,CSE-36,---,X,A-LH-104,X,AI,A-LH-003,UHV,A-LH-003,ML,CC|SPM,---,X,---,X,---,X,X
SAT,CSE-36,A-DL-101,ML,A-DL-101,AI(L),AI(L),---,X,---,X,X,---,X,---,X,---,X,X
,,,,,,,,,,,,,,,,,,
DAY,Section,ROOM1,8-9,ROOM2,9-10,10-11,ROOM3,11-12,ROOM4,12-1,1-2,ROOM5,2-3,ROOM6,3-4,ROOM7,4-5,5-6
MON,CSE-37,B-303,ML,A-DL-108,AI(L),AI(L),A-LH-004,AI,A-LH-004,X,X,---,X,---,X,---,X,X
TUE,CSE-37,---,X,---,X,X,---,X,---,X,X,---,X,---,X,---,X,X
WED,CSE-37,---,X,A-LH-010,X,UHV,A-DL-108,AD,A-DL-108,AD(L),AD(L),---,X,---,X,---,X,X
THU,CSE-37,A-LH-105,AI,A-LH-105,ML,CC|SPM,B-406,UHV,B-406,X,X,---,X,---,X,---,X,X
FRI,CSE-37,A-LH-105,CC|SPM,A-LH-105,UHV,ML,---,X,---,X,X,---,X,---,X,---,X,X
SAT,CSE-37,---,X,A-LH-003,X,AI,B-304,CC|SPM,B-304,ML,X,---,X,---,X,---,X,X
,,,,,,,,,,,,,,,,,,
DAY,Section,ROOM1,8-9,ROOM2,9-10,10-11,ROOM3,11-12,ROOM4,12-1,1-2,ROOM5,2-3,ROOM6,3-4,ROOM7,4-5,5-6
MON,CSE-38,---,X,A-LH-105,ML,AI,A-LH-005,UHV,A-LH-005,CC|SPM,X,---,X,---,X,---,X,X
TUE,CSE-38,A-DL-101,ML,A-DL-101,AI(L),AI(L),---,X,---,X,X,---,X,---,X,---,X,X
WED,CSE-38,---,X,---,X,X,---,X,---,X,X,---,X,---,X,---,X,X
THU,CSE-38,A-LH-107,X,A-LH-107,AI,UHV,A-DL-106,AD,A-DL-106,AD(L),AD(L),---,X,---,X,---,X,X
FRI,CSE-38,A-LH-107,CC|SPM,A-LH-107,ML,AI,A-LH-004,UHV,A-LH-004,X,X,---,X,---,X,---,X,X
SAT,CSE-38,---,X,A-LH-004,X,CC|SPM,A-LH-107,ML,---,X,X,---,X,---,X,---,X,X
,,,,,,,,,,,,,,,,,,
DAY,Section,ROOM1,8-9,ROOM2,9-10,10-11,ROOM3,11-12,ROOM4,12-1,1-2,ROOM5,2-3,ROOM6,3-4,ROOM7,4-5,5-6
MON,CSE-39,---,X,A-LH-107,UHV,X,---,X,---,X,X,---,X,---,X,---,X,X
TUE,CSE-39,A-LH-105,AI,A-LH-105,ML,CC|SPM,A-LH-004,UHV,A-LH-004,X,X,---,X,---,X,---,X,X
WED,CSE-39,---,X,A-DL-106,AI(L),AI(L),A-LH-009,ML,A-LH-009,CC|SPM,AI,---,X,---,X,---,X,X
THU,CSE-39,---,X,---,X,X,---,X,---,X,X,---,X,---,X,---,X,X
FRI,CSE-39,A-LH-109,X,A-LH-109,UHV,ML,A-DL-101,AD,A-DL-101,AD(L),AD(L),---,X,---,X,---,X,X
SAT,CSE-39,---,X,A-LH-005,ML,AI,A-LH-109,CC|SPM,---,X,X,---,X,---,X,---,X,X
,,,,,,,,,,,,,,,,,,
DAY,Section,ROOM1,8-9,ROOM2,9-10,10-11,ROOM3,11-12,ROOM4,12-1,1-2,ROOM5,2-3,ROOM6,3-4,ROOM7,4-5,5-6
MON,CSE-40,---,X,---,X,X,A-LH-009,CC|SPM,A-LH-009,UHV,ML,---,X,---,X,---,X,X
TUE,CSE-40,---,X,A-LH-107,CC|SPM,AI,A-LH-005,ML,A-LH-005,X,X,---,X,---,X,---,X,X
WED,CSE-40,A-LH-104,X,A-LH-104,UHV,ML,---,X,---,X,X,---,X,---,X,---,X,X
THU,CSE-40,A-DL-108,ML,A-DL-108,AI(L),AI(L),A-LH-003,AI,A-LH-003,UHV,X,---,X,---,X,---,X,X
FRI,CSE-40,---,X,---,X,X,---,X,---,X,X,---,X,---,X,---,X,X
SAT,CSE-40,---,X,A-LH-009,CC|SPM,AI,A-DL-108,AD,A-DL-108,AD(L),AD(L),---,X,---,X,---,X,X
,,,,,,,,,,,,,,,,,,
DAY,Section,ROOM1,8-9,ROOM2,9-10,10-11,ROOM3,11-12,ROOM4,12-1,1-2,ROOM5,2-3,ROOM6,3-4,ROOM7,4-5,5-6
MON,CSE-41,---,X,A-LH-110,X,ML,A-DL-106,AD,A-DL-106,AD(L),AD(L),---,X,---,X,---,X,X
TUE,CSE-41,---,X,A-LH-109,X,ML,A-LH-009,CC|SPM,A-LH-009,AI,X,---,X,---,X,---,X,X
WED,CSE-41,---,X,A-LH-105,CC|SPM,AI,A-LH-010,ML,A-LH-010,UHV,X,---,X,---,X,---,X,X
THU,CSE-41,---,X,A-LH-109,ML,UHV,---,X,---,X,X,---,X,---,X,---,X,X
FRI,CSE-41,A-DL-101,X,A-DL-101,AI(L),AI(L),A-LH-005,AI,A-LH-005,UHV,CC|SPM,---,X,---,X,---,X,X
SAT,CSE-41,---,X,---,X,X,---,X,---,X,X,---,X,---,X,---,X,X
,,,,,,,,,,,,,,,,,,
DAY,Section,ROOM1,8-9,ROOM2,9-10,10-11,ROOM3,11-12,ROOM4,12-1,1-2,ROOM5,2-3,ROOM6,3-4,ROOM7,4-5,5-6
MON,CSE-42,---,X,---,X,X,---,X,---,X,X,---,X,---,X,---,X,X
TUE,CSE-42,---,X,A-LH-110,X,ML,A-DL-101,AD,A-DL-101,AD(L),AD(L),---,X,---,X,---,X,X
WED,CSE-42,---,X,A-LH-107,X,ML,A-LH-104,CC|SPM,A-LH-104,UHV,X,---,X,---,X,---,X,X
THU,CSE-42,---,X,A-LH-110,X,CC|SPM,A-LH-004,UHV,A-LH-004,AI,X,---,X,---,X,---,X,X
FRI,CSE-42,---,X,A-LH-110,ML,UHV,A-LH-009,AI,A-LH-009,CC|SPM,X,---,X,---,X,---,X,X
SAT,CSE-42,A-DL-106,ML,A-DL-106,AI(L),AI(L),A-LH-206,AI,---,X,X,---,X,---,X,---,X,X
,,,,,,,,,,,,,,,,,,
DAY,Section,ROOM1,8-9,ROOM2,9-10,10-11,ROOM3,11-12,ROOM4,12-1,1-2,ROOM5,2-3,ROOM6,3-4,ROOM7,4-5,5-6
MON,CSE-43,---,X,A-LH-206,X,UHV,WL-103,ML,WL-103,AI(L),AI(L),---,X,---,X,---,X,X
TUE,CSE-43,---,X,---,X,X,---,X,---,X,X,---,X,---,X,---,X,X
WED,CSE-43,B-403,AD,WL-103,AD(L),AD(L),A-LH-105,UHV,A-LH-105,CC|SPM,X,---,X,---,X,---,X,X
THU,CSE-43,A-LH-206,X,A-LH-206,CC|SPM,ML,A-LH-205,AI,---,X,X,---,X,---,X,---,X,X
FRI,CSE-43,A-LH-206,ML,A-LH-206,UHV,AI,---,X,---,X,X,---,X,---,X,---,X,X
SAT,CSE-43,---,X,A-LH-010,ML,CC|SPM,A-LH-207,AI,---,X,X,---,X,---,X,---,X,X
,,,,,,,,,,,,,,,,,,
DAY,Section,ROOM1,8-9,ROOM2,9-10,10-11,ROOM3,11-12,ROOM4,12-1,1-2,ROOM5,2-3,ROOM6,3-4,ROOM7,4-5,5-6
MON,CSE-44,A-LH-207,X,A-LH-207,CC|SPM,UHV,---,X,---,X,X,---,X,---,X,---,X,X
TUE,CSE-44,A-DL-106,ML,A-DL-106,AI(L),AI(L),A-LH-010,AI,A-LH-010,UHV,X,---,X,---,X,---,X,X
WED,CSE-44,---,X,---,X,X,---,X,---,X,X,---,X,---,X,---,X,X
THU,CSE-44,A-LH-207,X,A-LH-207,ML,AI,WL-103,AD,WL-103,AD(L),AD(L),---,X,---,X,---,X,X
FRI,CSE-44,---,X,A-LH-207,UHV,CC|SPM,A-LH-010,ML,A-LH-010,X,X,---,X,---,X,---,X,X
SAT,CSE-44,---,X,---,X,X,B-305,CC|SPM,B-305,ML,AI,---,X,---,X,---,X,X
,,,,,,,,,,,,,,,,,,
DAY,Section,ROOM1,8-9,ROOM2,9-10,10-11,ROOM3,11-12,ROOM4,12-1,1-2,ROOM5,2-3,ROOM6,3-4,ROOM7,4-5,5-6
MON,CSE-45,---,X,A-LH-103,X,AI,A-LH-010,ML,A-LH-010,CC|SPM,X,---,X,---,X,---,X,X
TUE,CSE-45,A-LH-206,X,A-LH-206,ML,UHV,---,X,---,X,X,---,X,---,X,---,X,X
WED,CSE-45,B-404,UHV,WL-104,AI(L),AI(L),A-LH-107,ML,A-LH-107,AI,X,---,X,---,X,---,X,X
THU,CSE-45,---,X,---,X,X,---,X,---,X,X,---,X,---,X,---,X,X
FRI,CSE-45,A-LH-103,X,A-LH-103,CC|SPM,UHV,A-DL-106,AD,A-DL-106,AD(L),AD(L),---,X,---,X,---,X,X
SAT,CSE-45,---,X,A-LH-104,ML,CC|SPM,A-LH-103,AI,---,X,X,---,X,---,X,---,X,X
,,,,,,,,,,,,,,,,,,
DAY,Section,ROOM1,8-9,ROOM2,9-10,10-11,ROOM3,11-12,ROOM4,12-1,1-2,ROOM5,2-3,ROOM6,3-4,ROOM7,4-5,5-6
MON,CSE-46,A-LH-201,AI,A-LH-201,CC|SPM,ML,---,X,---,X,X,---,X,---,X,---,X,X
TUE,CSE-46,---,X,A-LH-207,X,UHV,A-LH-104,CC|SPM,A-LH-104,ML,X,---,X,---,X,---,X,X
WED,CSE-46,A-LH-109,X,A-LH-109,CC|SPM,AI,A-LH-109,UHV,---,X,X,---,X,---,X,---,X,X
THU,CSE-46,B-201,ML,A-DL-101,AI(L),AI(L),A-LH-005,AI,A-LH-005,UHV,X,---,X,---,X,---,X,X
FRI,CSE-46,---,X,---,X,X,---,X,---,X,X,---,X,---,X,---,X,X
SAT,CSE-46,---,X,A-LH-105,X,ML,A-DL-101,AD,A-DL-101,AD(L),AD(L),---,X,---,X,---,X,X
,,,,,,,,,,,,,,,,,,
DAY,Section,ROOM1,8-9,ROOM2,9-10,10-11,ROOM3,11-12,ROOM4,12-1,1-2,ROOM5,2-3,ROOM6,3-4,ROOM7,4-5,5-6
MON,CSE-47,---,X,A-LH-202,X,ML,WL-104,AD,WL-104,AD(L),AD(L),---,X,---,X,---,X,X
TUE,CSE-47,---,X,A-LH-103,X,CC|SPM,A-LH-105,AI,A-LH-105,UHV,X,---,X,---,X,---,X,X
WED,CSE-47,A-LH-110,X,A-LH-110,CC|SPM,AI,A-LH-110,ML,A-LH-110,UHV,X,---,X,---,X,---,X,X
THU,CSE-47,---,X,A-LH-103,ML,UHV,A-LH-009,CC|SPM,A-LH-009,AI,X,---,X,---,X,---,X,X
FRI,CSE-47,A-DL-106,ML,A-DL-106,AI(L),AI(L),---,X,---,X,X,---,X,---,X,---,X,X
SAT,CSE-47,---,X,---,X,X,---,X,---,X,X,---,X,---,X,---,X,X
,,,,,,,,,,,,,,,,,,
DAY,Section,ROOM1,8-9,ROOM2,9-10,10-11,ROOM3,11-12,ROOM4,12-1,1-2,ROOM5,2-3,ROOM6,3-4,ROOM7,4-5,5-6
MON,CSE-48,---,X,---,X,X,---,X,---,X,X,---,X,---,X,---,X,X
TUE,CSE-48,B-403,AD,WL-103,AD(L),AD(L),---,X,---,X,X,---,X,---,X,---,X,X
WED,CSE-48,---,X,A-LH-206,UHV,AI,A-LH-206,ML,A-LH-206,CC|SPM,X,---,X,---,X,---,X,X
THU,CSE-48,A-LH-201,CC|SPM,A-LH-201,ML,UHV,A-LH-010,AI,A-LH-010,X,X,---,X,---,X,---,X,X
FRI,CSE-48,---,X,A-LH-201,X,CC|SPM,A-LH-104,AI,A-LH-104,ML,UHV,---,X,---,X,---,X,X
SAT,CSE-48,---,X,---,X,X,A-DL-106,ML,A-DL-106,AI(L),AI(L),---,X,---,X,---,X,X
,,,,,,,,,,,,,,,,,,
DAY,Section,ROOM1,8-9,ROOM2,9-10,10-11,ROOM3,11-12,ROOM4,12-1,1-2,ROOM5,2-3,ROOM6,3-4,ROOM7,4-5,5-6
MON,CSE-49,---,X,A-DL-101,AI(L),AI(L),A-LH-103,ML,A-LH-103,AI,X,---,X,---,X,---,X,X
TUE,CSE-49,---,X,---,X,X,---,X,---,X,X,---,X,---,X,---,X,X
WED,CSE-49,A-LH-207,X,A-LH-207,ML,UHV,A-DL-101,AD,A-DL-101,AD(L),AD(L),---,X,---,X,---,X,X
THU,CSE-49,---,X,A-LH-202,CC|SPM,AI,A-LH-104,UHV,A-LH-104,ML,X,---,X,---,X,---,X,X
FRI,CSE-49,A-LH-202,X,A-LH-202,UHV,CC|SPM,---,X,---,X,X,---,X,---,X,---,X,X
SAT,CSE-49,---,X,---,X,X,B-306,AI,B-306,CC|SPM,ML,---,X,---,X,---,X,X
,,,,,,,,,,,,,,,,,,
DAY,Section,ROOM1,8-9,ROOM2,9-10,10-11,ROOM3,11-12,ROOM4,12-1,1-2,ROOM5,2-3,ROOM6,3-4,ROOM7,4-5,5-6
MON,CSE-50,A-LH-203,X,A-LH-203,AI,CC|SPM,A-LH-104,ML,A-LH-104,UHV,X,---,X,---,X,---,X,X
TUE,CSE-50,B-405,ML,WL-104,AI(L),AI(L),A-LH-107,CC|SPM,A-LH-107,UHV,X,---,X,---,X,---,X,X
WED,CSE-50,---,X,---,X,X,---,X,---,X,X,---,X,---,X,---,X,X
THU,CSE-50,---,X,A-LH-203,X,X,WL-104,AD,WL-104,AD(L),AD(L),---,X,---,X,---,X,X
FRI,CSE-50,A-LH-203,ML,A-LH-203,UHV,AI,---,X,---,X,X,---,X,---,X,---,X,X
SAT,CSE-50,---,X,A-LH-109,X,CC|SPM,B-401,ML,B-401,AI,X,---,X,---,X,---,X,X
,,,,,,,,,,,,,,,,,,
DAY,Section,ROOM1,8-9,ROOM2,9-10,10-11,ROOM3,11-12,ROOM4,12-1,1-2,ROOM5,2-3,ROOM6,3-4,ROOM7,4-5,5-6
MON,CSE-51,---,X,A-LH-204,X,ML,A-LH-105,CC|SPM,A-LH-105,AI,UHV,---,X,---,X,---,X,X
TUE,CSE-51,A-LH-201,AI,A-LH-201,ML,UHV,---,X,---,X,X,---,X,---,X,---,X,X
WED,CSE-51,---,X,A-LH-103,X,UHV,A-DL-106,ML,A-DL-106,AI(L),AI(L),---,X,---,X,---,X,X
THU,CSE-51,---,X,---,X,X,---,X,---,X,X,---,X,---,X,---,X,X
FRI,CSE-51,B-305,AD,WL-103,AD(L),AD(L),A-LH-105,ML,A-LH-105,CC|SPM,X,---,X,---,X,---,X,X
SAT,CSE-51,---,X,A-LH-110,AI,CC|SPM,---,X,---,X,X,---,X,---,X,---,X,X
,,,,,,,,,,,,,,,,,,
DAY,Section,ROOM1,8-9,ROOM2,9-10,10-11,ROOM3,11-12,ROOM4,12-1,1-2,ROOM5,2-3,ROOM6,3-4,ROOM7,4-5,5-6
MON,CSE-52,A-LH-205,AI,A-LH-205,CC|SPM,UHV,---,X,---,X,X,---,X,---,X,---,X,X
TUE,CSE-52,---,X,A-LH-202,X,X,A-LH-109,AI,A-LH-109,CC|SPM,ML,---,X,---,X,---,X,X
WED,CSE-52,---,X,A-LH-201,UHV,CC|SPM,A-LH-207,ML,A-LH-207,X,X,---,X,---,X,---,X,X
THU,CSE-52,A-DL-106,ML,A-DL-106,AI(L),AI(L),A-LH-105,AI,A-LH-105,UHV,X,---,X,---,X,---,X,X
FRI,CSE-52,---,X,---,X,X,---,X,---,X,X,---,X,---,X,---,X,X
SAT,CSE-52,---,X,A-LH-206,X,ML,A-LH-203,AD,WL-103,AD(L),AD(L),---,X,---,X,---,X,X
,,,,,,,,,,,,,,,,,,
DAY,Section,ROOM1,8-9,ROOM2,9-10,10-11,ROOM3,11-12,ROOM4,12-1,1-2,ROOM5,2-3,ROOM6,3-4,ROOM7,4-5,5-6
MON,CSE-53,---,X,B-203,X,X,A-DL-001,AD,A-DL-001,AD(L),AD(L),---,X,---,X,---,X,X
TUE,CSE-53,---,X,A-LH-203,X,CC|SPM,A-LH-110,ML,A-LH-110,UHV,AI,---,X,---,X,---,X,X
WED,CSE-53,---,X,A-LH-202,X,AI,A-LH-103,CC|SPM,A-LH-103,ML,X,---,X,---,X,---,X,X
THU,CSE-53,A-LH-204,ML,A-LH-204,CC|SPM,UHV,---,X,---,X,X,---,X,---,X,---,X,X
FRI,CSE-53,B-306,ML,WL-104,AI(L),AI(L),A-LH-107,AI,A-LH-107,UHV,X,---,X,---,X,---,X,X
SAT,CSE-53,---,X,---,X,X,---,X,---,X,X,---,X,---,X,---,X,X
,,,,,,,,,,,,,,,,,,
DAY,Section,ROOM1,8-9,ROOM2,9-10,10-11,ROOM3,11-12,ROOM4,12-1,1-2,ROOM5,2-3,ROOM6,3-4,ROOM7,4-5,5-6
MON,CSE-54,---,X,---,X,X,---,X,---,X,X,---,X,---,X,---,X,X
TUE,CSE-54,---,X,A-LH-204,X,UHV,A-DL-106,AD,A-DL-106,AD(L),AD(L),---,X,---,X,---,X,X
WED,CSE-54,---,X,A-LH-203,CC|SPM,AI,A-LH-201,ML,A-LH-201,X,X,---,X,---,X,---,X,X
THU,CSE-54,A-LH-205,X,A-LH-205,AI,CC|SPM,A-LH-107,ML,A-LH-107,UHV,X,---,X,---,X,---,X,X
FRI,CSE-54,---,X,A-LH-204,ML,UHV,---,X,---,X,X,---,X,---,X,---,X,X
SAT,CSE-54,---,X,WL-103,AI(L),AI(L),A-LH-204,AI,A-LH-204,ML,CC|SPM,---,X,---,X,---,X,X
,,,,,,,,,,,,,,,,,,
DAY,Section,ROOM1,8-9,ROOM2,9-10,10-11,ROOM3,11-12,ROOM4,12-1,1-2,ROOM5,2-3,ROOM6,3-4,ROOM7,4-5,5-6
MON,CSE-55,A-DL-106,ML,A-DL-106,AI(L),AI(L),A-LH-107,UHV,A-LH-107,AI,X,---,X,---,X,---,X,X
TUE,CSE-55,---,X,---,X,X,---,X,---,X,X,---,X,---,X,---,X,X
WED,CSE-55,---,X,---,X,X,WL-103,AD,WL-103,AD(L),AD(L),---,X,---,X,---,X,X
THU,CSE-55,---,X,B-406,UHV,X,A-LH-109,AI,A-LH-109,ML,CC|SPM,---,X,---,X,---,X,X
FRI,CSE-55,---,X,A-LH-205,X,ML,A-LH-109,UHV,A-LH-109,CC|SPM,X,---,X,---,X,---,X,X
SAT,CSE-55,---,X,---,X,X,B-402,ML,B-402,AI,CC|SPM,---,X,---,X,---,X,X
,,,,,,,,,,,,,,,,,,
DAY,Section,ROOM1,8-9,ROOM2,9-10,10-11,ROOM3,11-12,ROOM4,12-1,1-2,ROOM5,2-3,ROOM6,3-4,ROOM7,4-5,5-6
MON,IT-1,C-WL-102,ML,C-WL-102,DA(L),DA(L),---,X,---,X,X,---,X,---,X,---,X,X
TUE,IT-1,---,X,---,X,X,C-LH-202,CC|SPM,C-LH-202,DSA,UHV,---,X,---,X,---,X,X
WED,IT-1,---,X,---,X,X,---,X,---,X,X,---,X,---,X,---,X,X
THU,IT-1,---,X,C-LH-203,X,DSA,C-LH-405,CC|SPM,C-LH-405,UHV,ML,---,X,---,X,---,X,X
FRI,IT-1,---,X,C-LH-203,UHV,ML,C-WL-103,AP,C-WL-103,AP(L),AP(L),---,X,---,X,---,X,X
SAT,IT-1,---,X,---,X,X,C-LH-403,ML,C-LH-403,CC|SPM,DSA,---,X,---,X,---,X,X
,,,,,,,,,,,,,,,,,,
DAY,Section,ROOM1,8-9,ROOM2,9-10,10-11,ROOM3,11-12,ROOM4,12-1,1-2,ROOM5,2-3,ROOM6,3-4,ROOM7,4-5,5-6
MON,IT-2,C-LH-201,CC|SPM,C-LH-201,ML,DSA,---,X,---,X,X,---,X,---,X,---,X,X
TUE,IT-2,---,X,C-LH-002,X,UHV,C-WL-102,ML,C-WL-102,DA(L),DA(L),---,X,---,X,---,X,X
WED,IT-2,C-LH-201,ML,C-LH-201,DSA,CC|SPM,C-LH-201,UHV,C-LH-201,X,X,---,X,---,X,---,X,X
THU,IT-2,---,X,---,X,X,---,X,---,X,X,---,X,---,X,---,X,X
FRI,IT-2,C-LH-301,X,C-LH-301,CC|SPM,ML,C-LH-404,DSA,C-LH-404,UHV,X,---,X,---,X,---,X,X
SAT,IT-2,C-WL-102,AP,C-WL-102,AP(L),AP(L),---,X,---,X,X,---,X,---,X,---,X,X
,,,,,,,,,,,,,,,,,,
DAY,Section,ROOM1,8-9,ROOM2,9-10,10-11,ROOM3,11-12,ROOM4,12-1,1-2,ROOM5,2-3,ROOM6,3-4,ROOM7,4-5,5-6
MON,IT-3,---,X,C-LH-004,X,UHV,C-WL-101,AP,C-WL-101,AP(L),AP(L),---,X,---,X,---,X,X
TUE,IT-3,C-LH-403,CC|SPM,C-LH-403,DSA,ML,---,X,---,X,X,---,X,---,X,---,X,X
WED,IT-3,C-WL-101,CC|SPM,C-WL-101,DA(L),DA(L),C-LH-404,ML,C-LH-404,UHV,X,---,X,---,X,---,X,X
THU,IT-3,---,X,C-LH-404,X,UHV,C-LH-403,DSA,C-LH-403,ML,CC|SPM,---,X,---,X,---,X,X
FRI,IT-3,---,X,---,X,X,---,X,---,X,X,---,X,---,X,---,X,X
SAT,IT-3,C-LH-404,DSA,C-LH-404,ML,X,---,X,---,X,X,---,X,---,X,---,X,X
,,,,,,,,,,,,,,,,,,
DAY,Section,ROOM1,8-9,ROOM2,9-10,10-11,ROOM3,11-12,ROOM4,12-1,1-2,ROOM5,2-3,ROOM6,3-4,ROOM7,4-5,5-6
MON,IT-4,C-LH-306,CC|SPM,C-LH-306,ML,X,---,X,---,X,X,---,X,---,X,---,X,X
TUE,IT-4,C-LH-004,X,C-LH-004,CC|SPM,UHV,C-WL-101,AP,C-WL-101,AP(L),AP(L),---,X,---,X,---,X,X
WED,IT-4,C-LH-404,DSA,C-LH-404,ML,CC|SPM,---,X,---,X,X,---,X,---,X,---,X,X
THU,IT-4,C-WL-101,ML,C-WL-101,DA(L),DA(L),C-LH-404,DSA,C-LH-404,UHV,X,---,X,---,X,---,X,X
FRI,IT-4,---,X,C-LH-404,X,X,C-LH-403,UHV,C-LH-403,DSA,ML,---,X,---,X,---,X,X
SAT,IT-4,---,X,---,X,X,---,X,---,X,X,---,X,---,X,---,X,X
,,,,,,,,,,,,,,,,,,
DAY,Section,ROOM1,8-9,ROOM2,9-10,10-11,ROOM3,11-12,ROOM4,12-1,1-2,ROOM5,2-3,ROOM6,3-4,ROOM7,4-5,5-6
MON,IT-5,---,X,---,X,X,---,X,---,X,X,---,X,---,X,---,X,X
TUE,IT-5,C-LH-405,ML,C-LH-405,CC|SPM,DSA,C-LH-405,UHV,C-LH-405,X,X,---,X,---,X,---,X,X
WED,IT-5,C-WL-401,AP,C-WL-401,AP(L),AP(L),---,X,---,X,X,---,X,---,X,---,X,X
THU,IT-5,---,X,C-LH-405,DSA,CC|SPM,C-LH-004,ML,C-LH-004,UHV,X,---,X,---,X,---,X,X
FRI,IT-5,---,X,C-LH-405,X,UHV,C-WL-401,ML,C-WL-401,DA(L),DA(L),---,X,---,X,---,X,X
SAT,IT-5,---,X,C-LH-405,DSA,CC|SPM,C-LH-405,ML,---,X,X,---,X,---,X,---,X,X
,,,,,,,,,,,,,,,,,,
DAY,Section,ROOM1,8-9,ROOM2,9-10,10-11,ROOM3,11-12,ROOM4,12-1,1-2,ROOM5,2-3,ROOM6,3-4,ROOM7,4-5,5-6
MON,IT-6,C-LH-305,ML,C-LH-305,UHV,CC|SPM,---,X,---,X,X,---,X,---,X,---,X,X
TUE,IT-6,---,X,---,X,X,---,X,---,X,X,---,X,---,X,---,X,X
WED,IT-6,---,X,C-LH-405,CC|SPM,DSA,---,X,---,X,X,---,X,---,X,---,X,X
THU,IT-6,---,X,C-LH-201,ML,UHV,C-WL-401,AP,C-WL-401,AP(L),AP(L),---,X,---,X,---,X,X
FRI,IT-6,C-LH-201,DSA,C-LH-201,UHV,CC|SPM,C-LH-202,ML,C-LH-202,X,X,---,X,---,X,---,X,X
SAT,IT-6,C-WL-401,ML,C-WL-401,DA(L),DA(L),C-LH-201,DSA,---,X,X,---,X,---,X,---,X,X
,,,,,,,,,,,,,,,,,,
DAY,Section,ROOM1,8-9,ROOM2,9-10,10-11,ROOM3,11-12,ROOM4,12-1,1-2,ROOM5,2-3,ROOM6,3-4,ROOM7,4-5,5-6
MON,CSCE-1,ETC_WCNLAB,X,ETC_WCNLAB,WCN(L),WCN(L),ETC_CL-3,CC,ETC_CL-3,UHV,WMC,---,X,---,X,---,X,X
TUE,CSCE-1,C-LH-201,CC,C-LH-201,BC,UHV,---,X,---,X,X,---,X,---,X,---,X,X
WED,CSCE-1,---,X,---,X,X,---,X,---,X,X,---,X,---,X,---,X,X
THU,CSCE-1,C-LH-202,X,C-LH-202,UHV,WMC,---,X,---,X,X,---,X,---,X,---,X,X
FRI,CSCE-1,---,X,C-LH-004,BC,WMC,C-WL-102,AP,C-WL-102,AP(L),AP(L),---,X,---,X,---,X,X
SAT,CSCE-1,---,X,---,X,X,C-LH-202,BC,C-LH-202,CC,X,---,X,---,X,---,X,X
,,,,,,,,,,,,,,,,,,
DAY,Section,ROOM1,8-9,ROOM2,9-10,10-11,ROOM3,11-12,ROOM4,12-1,1-2,ROOM5,2-3,ROOM6,3-4,ROOM7,4-5,5-6
MON,CSCE-2,C-LH-202,UHV,C-LH-202,BC,CC,---,X,---,X,X,---,X,---,X,---,X,X
TUE,CSCE-2,ETC_WCNLAB,X,ETC_WCNLAB,WCN(L),WCN(L),ETC_CL-3,CC,ETC_CL-3,BC,WMC,---,X,---,X,---,X,X
WED,CSCE-2,---,X,C-LH-202,WMC,UHV,---,X,---,X,X,---,X,---,X,---,X,X
THU,CSCE-2,---,X,---,X,X,---,X,---,X,X,---,X,---,X,---,X,X
FRI,CSCE-2,C-LH-302,WMC,C-LH-302,UHV,CC,---,X,---,X,X,---,X,---,X,---,X,X
SAT,CSCE-2,---,X,C-LH-402,X,BC,C-WL-101,AP,C-WL-101,AP(L),AP(L),---,X,---,X,---,X,X
,,,,,,,,,,,,,,,,,,
DAY,Section,ROOM1,8-9,ROOM2,9-10,10-11,ROOM3,11-12,ROOM4,12-1,1-2,ROOM5,2-3,ROOM6,3-4,ROOM7,4-5,5-6
MON,CSCE-3,---,X,C-LH-203,UHV,WMC,C-WL-102,AP,C-WL-102,AP(L),AP(L),---,X,---,X,---,X,X
TUE,CSCE-3,---,X,C-LH-301,CC,WMC,---,X,---,X,X,---,X,---,X,---,X,X
WED,CSCE-3,ETC_WCNLAB,X,ETC_WCNLAB,WCN(L),WCN(L),ETC_CL-3,BC,ETC_CL-3,UHV,WMC,---,X,---,X,---,X,X
THU,CSCE-3,C-LH-301,BC,C-LH-301,UHV,CC,---,X,---,X,X,---,X,---,X,---,X,X
FRI,CSCE-3,---,X,---,X,X,---,X,---,X,X,---,X,---,X,---,X,X
SAT,CSCE-3,---,X,C-LH-203,CC,BC,---,X,---,X,X,---,X,---,X,---,X,X
,,,,,,,,,,,,,,,,,,
DAY,Section,ROOM1,8-9,ROOM2,9-10,10-11,ROOM3,11-12,ROOM4,12-1,1-2,ROOM5,2-3,ROOM6,3-4,ROOM7,4-5,5-6
MON,CSSE-1,ETC_CL-3,X,ETC_CL-3,CD,UHV,ETC_WCNLAB,AAM,ETC_WCNLAB,AAM(L),AAM(L),---,X,---,X,---,X,X
TUE,CSSE-1,C-LH-302,DMDW,C-LH-302,UHV,CD,---,X,---,X,X,---,X,---,X,---,X,X
WED,CSSE-1,---,X,---,X,X,C-WL-101,AP,C-WL-101,AP(L),AP(L),---,X,---,X,---,X,X
THU,CSSE-1,---,X,C-LH-302,AAM,DMDW,C-LH-201,CD,C-LH-201,UHV,X,---,X,---,X,---,X,X
FRI,CSSE-1,---,X,---,X,X,C-LH-303,AAM,C-LH-303,DMDW,X,---,X,---,X,---,X,X
SAT,CSSE-1,---,X,---,X,X,---,X,---,X,X,---,X,---,X,---,X,X
,,,,,,,,,,,,,,,,,,
DAY,Section,ROOM1,8-9,ROOM2,9-10,10-11,ROOM3,11-12,ROOM4,12-1,1-2,ROOM5,2-3,ROOM6,3-4,ROOM7,4-5,5-6
MON,CSSE-2,---,X,---,X,X,---,X,---,X,X,---,X,---,X,---,X,X
TUE,CSSE-2,C-WL-101,CD,C-WL-101,AAM,X,---,X,---,X,X,---,X,---,X,---,X,X
WED,CSSE-2,C-LH-403,CD,C-LH-403,DMDW,UHV,---,X,---,X,X,---,X,---,X,---,X,X
THU,CSSE-2,C-LH-403,X,C-LH-403,UHV,AAM,C-WL-101,AP,C-WL-101,AP(L),AP(L),---,X,---,X,---,X,X
FRI,CSSE-2,ETC_CL-3,X,ETC_MPLAB,AAM(L),AAM(L),ETC_CL-3,UHV,ETC_CL-3,AAM,DMDW,---,X,---,X,---,X,X
SAT,CSSE-2,---,X,C-LH-403,CD,DMDW,---,X,---,X,X,---,X,---,X,---,X,X
,,,,,,,,,,,,,,,,,,
